NurseID, requestsPen, consecutivenessPen, satisfaction (Pi) 
N, 0.67, 0.19, 0.43000000000000005 
H, 0.0, 0.13, 0.065 
K, 0.67, 0.75, 0.71 
M, 0.67, 0.02, 0.34500000000000003 
A, 0.4, 0.02, 0.21000000000000002 
G, 0.6, 0.01, 0.305 
L, 0.93, 0.19, 0.56 
F, 1.0, 0.01, 0.505 
C, 0.5, 0.03, 0.265 
B, 0.5, 0.03, 0.265 
I, 0.38, 0.01, 0.195 
E, 0.56, 0.0, 0.28 
D, 0.67, 0.03, 0.35000000000000003 
J, 0.38, 0.0, 0.19 
