NurseID, requestsPen, consecutivenessPen, satisfaction (Pi) 
K, 0.67, 0.19, 0.43000000000000005 
I, 0.0, 0.03, 0.015 
N, 0.67, 0.05, 0.36000000000000004 
L, 0.36, 0.05, 0.205 
F, 0.0, 0.0, 0.0 
M, 0.5, 0.19, 0.345 
H, 0.0, 0.01, 0.005 
G, 0.0, 0.0, 0.0 
A, 0.0, 0.53, 0.265 
E, 0.22, 0.0, 0.11 
D, 0.0, 0.17, 0.085 
B, 0.5, 0.09, 0.295 
J, 0.12, 0.0, 0.06 
C, 0.25, 0.02, 0.135 
