NurseID, requestsPen, consecutivenessPen, satisfaction (Pi) 
I, 0.62, 0.0, 0.31 
J, 0.25, 0.5, 0.375 
M, 0.67, 0.67, 0.67 
C, 1.0, 0.25, 0.625 
A, 0.8, 0.5, 0.65 
D, 0.33, 0.0, 0.165 
N, 0.8, 0.67, 0.7350000000000001 
L, 0.93, 0.5, 0.7150000000000001 
H, 0.0, 0.5, 0.25 
F, 1.0, 0.5, 0.75 
G, 0.2, 0.5, 0.35 
B, 0.75, 0.33, 0.54 
E, 0.33, 0.5, 0.41500000000000004 
K, 0.67, 0.67, 0.67 
