NurseID, requestsPen, consecutivenessPen, satisfaction (Pi) 
G, 0.2, 0.33, 0.265 
N, 0.87, 0.67, 0.77 
J, 0.5, 0.5, 0.5 
B, 0.5, 0.33, 0.41500000000000004 
E, 0.56, 0.5, 0.53 
C, 0.75, 0.33, 0.54 
F, 0.33, 0.5, 0.41500000000000004 
M, 0.5, 0.67, 0.585 
K, 0.67, 0.67, 0.67 
H, 1.0, 0.0, 0.5 
A, 0.8, 0.0, 0.4 
I, 0.38, 0.0, 0.19 
D, 0.0, 0.5, 0.25 
L, 0.79, 0.67, 0.73 
