NurseID, requestsPen, consecutivenessPen, satisfaction (Pi) 
D, 0.0, 0.34, 0.17 
G, 0.0, 0.01, 0.005 
J, 0.12, 0.0, 0.06 
C, 0.25, 0.02, 0.135 
F, 0.0, 0.01, 0.005 
I, 0.0, 0.01, 0.005 
K, 0.67, 0.05, 0.36000000000000004 
N, 0.67, 0.05, 0.36000000000000004 
M, 0.5, 0.0, 0.25 
L, 0.36, 0.05, 0.205 
B, 0.5, 0.03, 0.265 
H, 0.0, 0.03, 0.015 
E, 0.22, 0.0, 0.11 
A, 0.0, 0.01, 0.005 
